Tick;Step;callsign_received;identifier;message_type_received;runway_heading_calculated;state;0_Position;1_Position;ID
0;0;None;Tower;None;0;Listen_on_frequency;9,501334;53,559712;a4102075-8789-407d-ad77-9344a3ac7ca9
1;1;None;Tower;None;0;Listen_on_frequency;9,501334;53,559712;a4102075-8789-407d-ad77-9344a3ac7ca9
2;2;None;Tower;None;0;Listen_on_frequency;9,501334;53,559712;a4102075-8789-407d-ad77-9344a3ac7ca9
3;3;None;Tower;None;0;Listen_on_frequency;9,501334;53,559712;a4102075-8789-407d-ad77-9344a3ac7ca9
4;4;None;Tower;None;0;Listen_on_frequency;9,501334;53,559712;a4102075-8789-407d-ad77-9344a3ac7ca9
5;5;None;Tower;None;0;Listen_on_frequency;9,501334;53,559712;a4102075-8789-407d-ad77-9344a3ac7ca9
6;6;None;Tower;None;0;Listen_on_frequency;9,501334;53,559712;a4102075-8789-407d-ad77-9344a3ac7ca9
7;7;None;Tower;None;0;Listen_on_frequency;9,501334;53,559712;a4102075-8789-407d-ad77-9344a3ac7ca9
8;8;None;Tower;None;0;Listen_on_frequency;9,501334;53,559712;a4102075-8789-407d-ad77-9344a3ac7ca9
9;9;None;Tower;None;0;Listen_on_frequency;9,501334;53,559712;a4102075-8789-407d-ad77-9344a3ac7ca9
10;10;None;Tower;None;0;Listen_on_frequency;9,501334;53,559712;a4102075-8789-407d-ad77-9344a3ac7ca9
11;11;None;Tower;None;0;Listen_on_frequency;9,501334;53,559712;a4102075-8789-407d-ad77-9344a3ac7ca9
12;12;None;Tower;None;0;Listen_on_frequency;9,501334;53,559712;a4102075-8789-407d-ad77-9344a3ac7ca9
13;13;None;Tower;None;0;Listen_on_frequency;9,501334;53,559712;a4102075-8789-407d-ad77-9344a3ac7ca9
14;14;None;Tower;None;0;Listen_on_frequency;9,501334;53,559712;a4102075-8789-407d-ad77-9344a3ac7ca9
15;15;None;Tower;None;0;Listen_on_frequency;9,501334;53,559712;a4102075-8789-407d-ad77-9344a3ac7ca9
16;16;None;Tower;None;0;Listen_on_frequency;9,501334;53,559712;a4102075-8789-407d-ad77-9344a3ac7ca9
17;17;None;Tower;None;0;Listen_on_frequency;9,501334;53,559712;a4102075-8789-407d-ad77-9344a3ac7ca9
18;18;None;Tower;None;0;Listen_on_frequency;9,501334;53,559712;a4102075-8789-407d-ad77-9344a3ac7ca9
19;19;None;Tower;None;0;Listen_on_frequency;9,501334;53,559712;a4102075-8789-407d-ad77-9344a3ac7ca9
20;20;None;Tower;None;0;Listen_on_frequency;9,501334;53,559712;a4102075-8789-407d-ad77-9344a3ac7ca9
21;21;None;Tower;None;0;Listen_on_frequency;9,501334;53,559712;a4102075-8789-407d-ad77-9344a3ac7ca9
22;22;None;Tower;None;0;Listen_on_frequency;9,501334;53,559712;a4102075-8789-407d-ad77-9344a3ac7ca9
23;23;None;Tower;None;0;Listen_on_frequency;9,501334;53,559712;a4102075-8789-407d-ad77-9344a3ac7ca9
24;24;None;Tower;None;0;Listen_on_frequency;9,501334;53,559712;a4102075-8789-407d-ad77-9344a3ac7ca9
25;25;None;Tower;None;0;Listen_on_frequency;9,501334;53,559712;a4102075-8789-407d-ad77-9344a3ac7ca9
26;26;None;Tower;None;0;Listen_on_frequency;9,501334;53,559712;a4102075-8789-407d-ad77-9344a3ac7ca9
27;27;None;Tower;None;0;Listen_on_frequency;9,501334;53,559712;a4102075-8789-407d-ad77-9344a3ac7ca9
28;28;None;Tower;None;0;Listen_on_frequency;9,501334;53,559712;a4102075-8789-407d-ad77-9344a3ac7ca9
29;29;None;Tower;None;0;Listen_on_frequency;9,501334;53,559712;a4102075-8789-407d-ad77-9344a3ac7ca9
30;30;None;Tower;None;0;Listen_on_frequency;9,501334;53,559712;a4102075-8789-407d-ad77-9344a3ac7ca9
31;31;None;Tower;None;0;Listen_on_frequency;9,501334;53,559712;a4102075-8789-407d-ad77-9344a3ac7ca9
32;32;None;Tower;None;0;Listen_on_frequency;9,501334;53,559712;a4102075-8789-407d-ad77-9344a3ac7ca9
33;33;None;Tower;None;0;Listen_on_frequency;9,501334;53,559712;a4102075-8789-407d-ad77-9344a3ac7ca9
34;34;None;Tower;None;0;Listen_on_frequency;9,501334;53,559712;a4102075-8789-407d-ad77-9344a3ac7ca9
35;35;None;Tower;None;0;Listen_on_frequency;9,501334;53,559712;a4102075-8789-407d-ad77-9344a3ac7ca9
36;36;None;Tower;None;0;Listen_on_frequency;9,501334;53,559712;a4102075-8789-407d-ad77-9344a3ac7ca9
37;37;None;Tower;None;0;Listen_on_frequency;9,501334;53,559712;a4102075-8789-407d-ad77-9344a3ac7ca9
38;38;None;Tower;None;0;Listen_on_frequency;9,501334;53,559712;a4102075-8789-407d-ad77-9344a3ac7ca9
39;39;None;Tower;None;0;Listen_on_frequency;9,501334;53,559712;a4102075-8789-407d-ad77-9344a3ac7ca9
40;40;None;Tower;None;0;Listen_on_frequency;9,501334;53,559712;a4102075-8789-407d-ad77-9344a3ac7ca9
41;41;None;Tower;None;0;Listen_on_frequency;9,501334;53,559712;a4102075-8789-407d-ad77-9344a3ac7ca9
42;42;None;Tower;None;0;Listen_on_frequency;9,501334;53,559712;a4102075-8789-407d-ad77-9344a3ac7ca9
43;43;None;Tower;None;0;Listen_on_frequency;9,501334;53,559712;a4102075-8789-407d-ad77-9344a3ac7ca9
44;44;None;Tower;None;0;Listen_on_frequency;9,501334;53,559712;a4102075-8789-407d-ad77-9344a3ac7ca9
45;45;None;Tower;None;0;Listen_on_frequency;9,501334;53,559712;a4102075-8789-407d-ad77-9344a3ac7ca9
46;46;None;Tower;None;0;Listen_on_frequency;9,501334;53,559712;a4102075-8789-407d-ad77-9344a3ac7ca9
47;47;None;Tower;None;0;Listen_on_frequency;9,501334;53,559712;a4102075-8789-407d-ad77-9344a3ac7ca9
48;48;None;Tower;None;0;Listen_on_frequency;9,501334;53,559712;a4102075-8789-407d-ad77-9344a3ac7ca9
49;49;None;Tower;None;0;Listen_on_frequency;9,501334;53,559712;a4102075-8789-407d-ad77-9344a3ac7ca9
50;50;None;Tower;None;0;Listen_on_frequency;9,501334;53,559712;a4102075-8789-407d-ad77-9344a3ac7ca9
51;51;None;Tower;None;0;Listen_on_frequency;9,501334;53,559712;a4102075-8789-407d-ad77-9344a3ac7ca9
52;52;None;Tower;None;0;Listen_on_frequency;9,501334;53,559712;a4102075-8789-407d-ad77-9344a3ac7ca9
53;53;None;Tower;None;0;Listen_on_frequency;9,501334;53,559712;a4102075-8789-407d-ad77-9344a3ac7ca9
54;54;None;Tower;None;0;Listen_on_frequency;9,501334;53,559712;a4102075-8789-407d-ad77-9344a3ac7ca9
55;55;None;Tower;None;0;Listen_on_frequency;9,501334;53,559712;a4102075-8789-407d-ad77-9344a3ac7ca9
56;56;None;Tower;None;0;Listen_on_frequency;9,501334;53,559712;a4102075-8789-407d-ad77-9344a3ac7ca9
57;57;None;Tower;None;0;Listen_on_frequency;9,501334;53,559712;a4102075-8789-407d-ad77-9344a3ac7ca9
58;58;None;Tower;None;0;Listen_on_frequency;9,501334;53,559712;a4102075-8789-407d-ad77-9344a3ac7ca9
59;59;None;Tower;None;0;Listen_on_frequency;9,501334;53,559712;a4102075-8789-407d-ad77-9344a3ac7ca9
60;60;None;Tower;None;0;Listen_on_frequency;9,501334;53,559712;a4102075-8789-407d-ad77-9344a3ac7ca9
61;61;None;Tower;None;0;Listen_on_frequency;9,501334;53,559712;a4102075-8789-407d-ad77-9344a3ac7ca9
62;62;None;Tower;None;0;Listen_on_frequency;9,501334;53,559712;a4102075-8789-407d-ad77-9344a3ac7ca9
63;63;None;Tower;None;0;Listen_on_frequency;9,501334;53,559712;a4102075-8789-407d-ad77-9344a3ac7ca9
64;64;None;Tower;None;0;Listen_on_frequency;9,501334;53,559712;a4102075-8789-407d-ad77-9344a3ac7ca9
65;65;None;Tower;None;0;Listen_on_frequency;9,501334;53,559712;a4102075-8789-407d-ad77-9344a3ac7ca9
66;66;None;Tower;None;0;Listen_on_frequency;9,501334;53,559712;a4102075-8789-407d-ad77-9344a3ac7ca9
67;67;None;Tower;None;0;Listen_on_frequency;9,501334;53,559712;a4102075-8789-407d-ad77-9344a3ac7ca9
68;68;None;Tower;None;0;Listen_on_frequency;9,501334;53,559712;a4102075-8789-407d-ad77-9344a3ac7ca9
69;69;None;Tower;None;0;Listen_on_frequency;9,501334;53,559712;a4102075-8789-407d-ad77-9344a3ac7ca9
70;70;None;Tower;None;0;Listen_on_frequency;9,501334;53,559712;a4102075-8789-407d-ad77-9344a3ac7ca9
71;71;None;Tower;None;0;Listen_on_frequency;9,501334;53,559712;a4102075-8789-407d-ad77-9344a3ac7ca9
72;72;None;Tower;None;0;Listen_on_frequency;9,501334;53,559712;a4102075-8789-407d-ad77-9344a3ac7ca9
73;73;None;Tower;None;0;Listen_on_frequency;9,501334;53,559712;a4102075-8789-407d-ad77-9344a3ac7ca9
74;74;None;Tower;None;0;Listen_on_frequency;9,501334;53,559712;a4102075-8789-407d-ad77-9344a3ac7ca9
75;75;None;Tower;None;0;Listen_on_frequency;9,501334;53,559712;a4102075-8789-407d-ad77-9344a3ac7ca9
76;76;None;Tower;None;0;Listen_on_frequency;9,501334;53,559712;a4102075-8789-407d-ad77-9344a3ac7ca9
77;77;None;Tower;None;0;Listen_on_frequency;9,501334;53,559712;a4102075-8789-407d-ad77-9344a3ac7ca9
78;78;None;Tower;None;0;Listen_on_frequency;9,501334;53,559712;a4102075-8789-407d-ad77-9344a3ac7ca9
79;79;None;Tower;None;0;Listen_on_frequency;9,501334;53,559712;a4102075-8789-407d-ad77-9344a3ac7ca9
80;80;None;Tower;None;0;Listen_on_frequency;9,501334;53,559712;a4102075-8789-407d-ad77-9344a3ac7ca9
81;81;None;Tower;None;0;Listen_on_frequency;9,501334;53,559712;a4102075-8789-407d-ad77-9344a3ac7ca9
82;82;None;Tower;None;0;Listen_on_frequency;9,501334;53,559712;a4102075-8789-407d-ad77-9344a3ac7ca9
83;83;None;Tower;None;0;Listen_on_frequency;9,501334;53,559712;a4102075-8789-407d-ad77-9344a3ac7ca9
84;84;None;Tower;None;0;Listen_on_frequency;9,501334;53,559712;a4102075-8789-407d-ad77-9344a3ac7ca9
85;85;None;Tower;None;0;Listen_on_frequency;9,501334;53,559712;a4102075-8789-407d-ad77-9344a3ac7ca9
86;86;None;Tower;None;0;Listen_on_frequency;9,501334;53,559712;a4102075-8789-407d-ad77-9344a3ac7ca9
87;87;None;Tower;None;0;Listen_on_frequency;9,501334;53,559712;a4102075-8789-407d-ad77-9344a3ac7ca9
88;88;None;Tower;None;0;Listen_on_frequency;9,501334;53,559712;a4102075-8789-407d-ad77-9344a3ac7ca9
89;89;None;Tower;None;0;Listen_on_frequency;9,501334;53,559712;a4102075-8789-407d-ad77-9344a3ac7ca9
90;90;None;Tower;None;0;Listen_on_frequency;9,501334;53,559712;a4102075-8789-407d-ad77-9344a3ac7ca9
91;91;None;Tower;None;0;Listen_on_frequency;9,501334;53,559712;a4102075-8789-407d-ad77-9344a3ac7ca9
92;92;None;Tower;None;0;Listen_on_frequency;9,501334;53,559712;a4102075-8789-407d-ad77-9344a3ac7ca9
93;93;None;Tower;None;0;Listen_on_frequency;9,501334;53,559712;a4102075-8789-407d-ad77-9344a3ac7ca9
94;94;None;Tower;None;0;Listen_on_frequency;9,501334;53,559712;a4102075-8789-407d-ad77-9344a3ac7ca9
95;95;None;Tower;None;0;Listen_on_frequency;9,501334;53,559712;a4102075-8789-407d-ad77-9344a3ac7ca9
96;96;None;Tower;None;0;Listen_on_frequency;9,501334;53,559712;a4102075-8789-407d-ad77-9344a3ac7ca9
97;97;None;Tower;None;0;Listen_on_frequency;9,501334;53,559712;a4102075-8789-407d-ad77-9344a3ac7ca9
98;98;None;Tower;None;0;Listen_on_frequency;9,501334;53,559712;a4102075-8789-407d-ad77-9344a3ac7ca9
99;99;None;Tower;None;0;Listen_on_frequency;9,501334;53,559712;a4102075-8789-407d-ad77-9344a3ac7ca9
100;100;None;Tower;None;0;Listen_on_frequency;9,501334;53,559712;a4102075-8789-407d-ad77-9344a3ac7ca9
101;101;None;Tower;None;0;Listen_on_frequency;9,501334;53,559712;a4102075-8789-407d-ad77-9344a3ac7ca9
102;102;None;Tower;None;0;Listen_on_frequency;9,501334;53,559712;a4102075-8789-407d-ad77-9344a3ac7ca9
103;103;None;Tower;None;0;Listen_on_frequency;9,501334;53,559712;a4102075-8789-407d-ad77-9344a3ac7ca9
104;104;None;Tower;None;0;Listen_on_frequency;9,501334;53,559712;a4102075-8789-407d-ad77-9344a3ac7ca9
105;105;None;Tower;None;0;Listen_on_frequency;9,501334;53,559712;a4102075-8789-407d-ad77-9344a3ac7ca9
106;106;None;Tower;None;0;Listen_on_frequency;9,501334;53,559712;a4102075-8789-407d-ad77-9344a3ac7ca9
107;107;None;Tower;None;0;Listen_on_frequency;9,501334;53,559712;a4102075-8789-407d-ad77-9344a3ac7ca9
108;108;None;Tower;None;0;Listen_on_frequency;9,501334;53,559712;a4102075-8789-407d-ad77-9344a3ac7ca9
109;109;None;Tower;None;0;Listen_on_frequency;9,501334;53,559712;a4102075-8789-407d-ad77-9344a3ac7ca9
110;110;None;Tower;None;0;Listen_on_frequency;9,501334;53,559712;a4102075-8789-407d-ad77-9344a3ac7ca9
111;111;None;Tower;None;0;Listen_on_frequency;9,501334;53,559712;a4102075-8789-407d-ad77-9344a3ac7ca9
112;112;None;Tower;None;0;Listen_on_frequency;9,501334;53,559712;a4102075-8789-407d-ad77-9344a3ac7ca9
113;113;None;Tower;None;0;Listen_on_frequency;9,501334;53,559712;a4102075-8789-407d-ad77-9344a3ac7ca9
114;114;None;Tower;None;0;Listen_on_frequency;9,501334;53,559712;a4102075-8789-407d-ad77-9344a3ac7ca9
115;115;None;Tower;None;0;Listen_on_frequency;9,501334;53,559712;a4102075-8789-407d-ad77-9344a3ac7ca9
116;116;None;Tower;None;0;Listen_on_frequency;9,501334;53,559712;a4102075-8789-407d-ad77-9344a3ac7ca9
117;117;None;Tower;None;0;Listen_on_frequency;9,501334;53,559712;a4102075-8789-407d-ad77-9344a3ac7ca9
118;118;None;Tower;None;0;Listen_on_frequency;9,501334;53,559712;a4102075-8789-407d-ad77-9344a3ac7ca9
119;119;None;Tower;None;0;Listen_on_frequency;9,501334;53,559712;a4102075-8789-407d-ad77-9344a3ac7ca9
120;120;None;Tower;None;0;Listen_on_frequency;9,501334;53,559712;a4102075-8789-407d-ad77-9344a3ac7ca9
121;121;None;Tower;None;0;Listen_on_frequency;9,501334;53,559712;a4102075-8789-407d-ad77-9344a3ac7ca9
122;122;None;Tower;None;0;Listen_on_frequency;9,501334;53,559712;a4102075-8789-407d-ad77-9344a3ac7ca9
123;123;None;Tower;None;0;Listen_on_frequency;9,501334;53,559712;a4102075-8789-407d-ad77-9344a3ac7ca9
124;124;None;Tower;None;0;Listen_on_frequency;9,501334;53,559712;a4102075-8789-407d-ad77-9344a3ac7ca9
125;125;None;Tower;None;0;Listen_on_frequency;9,501334;53,559712;a4102075-8789-407d-ad77-9344a3ac7ca9
126;126;None;Tower;None;0;Listen_on_frequency;9,501334;53,559712;a4102075-8789-407d-ad77-9344a3ac7ca9
127;127;None;Tower;None;0;Listen_on_frequency;9,501334;53,559712;a4102075-8789-407d-ad77-9344a3ac7ca9
128;128;None;Tower;None;0;Listen_on_frequency;9,501334;53,559712;a4102075-8789-407d-ad77-9344a3ac7ca9
129;129;None;Tower;None;0;Listen_on_frequency;9,501334;53,559712;a4102075-8789-407d-ad77-9344a3ac7ca9
130;130;None;Tower;None;0;Listen_on_frequency;9,501334;53,559712;a4102075-8789-407d-ad77-9344a3ac7ca9
131;131;None;Tower;None;0;Listen_on_frequency;9,501334;53,559712;a4102075-8789-407d-ad77-9344a3ac7ca9
132;132;None;Tower;None;0;Listen_on_frequency;9,501334;53,559712;a4102075-8789-407d-ad77-9344a3ac7ca9
133;133;None;Tower;None;0;Listen_on_frequency;9,501334;53,559712;a4102075-8789-407d-ad77-9344a3ac7ca9
134;134;None;Tower;None;0;Listen_on_frequency;9,501334;53,559712;a4102075-8789-407d-ad77-9344a3ac7ca9
135;135;None;Tower;None;0;Listen_on_frequency;9,501334;53,559712;a4102075-8789-407d-ad77-9344a3ac7ca9
136;136;None;Tower;None;0;Listen_on_frequency;9,501334;53,559712;a4102075-8789-407d-ad77-9344a3ac7ca9
137;137;None;Tower;None;0;Listen_on_frequency;9,501334;53,559712;a4102075-8789-407d-ad77-9344a3ac7ca9
138;138;None;Tower;None;0;Listen_on_frequency;9,501334;53,559712;a4102075-8789-407d-ad77-9344a3ac7ca9
139;139;None;Tower;None;0;Listen_on_frequency;9,501334;53,559712;a4102075-8789-407d-ad77-9344a3ac7ca9
140;140;None;Tower;None;0;Listen_on_frequency;9,501334;53,559712;a4102075-8789-407d-ad77-9344a3ac7ca9
141;141;None;Tower;None;0;Listen_on_frequency;9,501334;53,559712;a4102075-8789-407d-ad77-9344a3ac7ca9
142;142;None;Tower;None;0;Listen_on_frequency;9,501334;53,559712;a4102075-8789-407d-ad77-9344a3ac7ca9
143;143;None;Tower;None;0;Listen_on_frequency;9,501334;53,559712;a4102075-8789-407d-ad77-9344a3ac7ca9
144;144;None;Tower;None;0;Listen_on_frequency;9,501334;53,559712;a4102075-8789-407d-ad77-9344a3ac7ca9
145;145;None;Tower;None;0;Listen_on_frequency;9,501334;53,559712;a4102075-8789-407d-ad77-9344a3ac7ca9
146;146;None;Tower;None;0;Listen_on_frequency;9,501334;53,559712;a4102075-8789-407d-ad77-9344a3ac7ca9
147;147;None;Tower;None;0;Listen_on_frequency;9,501334;53,559712;a4102075-8789-407d-ad77-9344a3ac7ca9
148;148;None;Tower;None;0;Listen_on_frequency;9,501334;53,559712;a4102075-8789-407d-ad77-9344a3ac7ca9
149;149;None;Tower;None;0;Listen_on_frequency;9,501334;53,559712;a4102075-8789-407d-ad77-9344a3ac7ca9
150;150;None;Tower;None;0;Listen_on_frequency;9,501334;53,559712;a4102075-8789-407d-ad77-9344a3ac7ca9
151;151;None;Tower;None;0;Listen_on_frequency;9,501334;53,559712;a4102075-8789-407d-ad77-9344a3ac7ca9
152;152;None;Tower;None;0;Listen_on_frequency;9,501334;53,559712;a4102075-8789-407d-ad77-9344a3ac7ca9
153;153;None;Tower;None;0;Listen_on_frequency;9,501334;53,559712;a4102075-8789-407d-ad77-9344a3ac7ca9
154;154;None;Tower;None;0;Listen_on_frequency;9,501334;53,559712;a4102075-8789-407d-ad77-9344a3ac7ca9
155;155;None;Tower;None;0;Listen_on_frequency;9,501334;53,559712;a4102075-8789-407d-ad77-9344a3ac7ca9
156;156;None;Tower;None;0;Listen_on_frequency;9,501334;53,559712;a4102075-8789-407d-ad77-9344a3ac7ca9
157;157;None;Tower;None;0;Listen_on_frequency;9,501334;53,559712;a4102075-8789-407d-ad77-9344a3ac7ca9
158;158;None;Tower;None;0;Listen_on_frequency;9,501334;53,559712;a4102075-8789-407d-ad77-9344a3ac7ca9
159;159;None;Tower;None;0;Listen_on_frequency;9,501334;53,559712;a4102075-8789-407d-ad77-9344a3ac7ca9
160;160;None;Tower;None;0;Listen_on_frequency;9,501334;53,559712;a4102075-8789-407d-ad77-9344a3ac7ca9
161;161;None;Tower;None;0;Listen_on_frequency;9,501334;53,559712;a4102075-8789-407d-ad77-9344a3ac7ca9
162;162;None;Tower;None;0;Listen_on_frequency;9,501334;53,559712;a4102075-8789-407d-ad77-9344a3ac7ca9
163;163;None;Tower;None;0;Listen_on_frequency;9,501334;53,559712;a4102075-8789-407d-ad77-9344a3ac7ca9
164;164;None;Tower;None;0;Listen_on_frequency;9,501334;53,559712;a4102075-8789-407d-ad77-9344a3ac7ca9
165;165;None;Tower;None;0;Listen_on_frequency;9,501334;53,559712;a4102075-8789-407d-ad77-9344a3ac7ca9
166;166;None;Tower;None;0;Listen_on_frequency;9,501334;53,559712;a4102075-8789-407d-ad77-9344a3ac7ca9
167;167;None;Tower;None;0;Listen_on_frequency;9,501334;53,559712;a4102075-8789-407d-ad77-9344a3ac7ca9
168;168;None;Tower;None;0;Listen_on_frequency;9,501334;53,559712;a4102075-8789-407d-ad77-9344a3ac7ca9
169;169;None;Tower;None;0;Listen_on_frequency;9,501334;53,559712;a4102075-8789-407d-ad77-9344a3ac7ca9
170;170;None;Tower;None;0;Listen_on_frequency;9,501334;53,559712;a4102075-8789-407d-ad77-9344a3ac7ca9
171;171;None;Tower;None;0;Listen_on_frequency;9,501334;53,559712;a4102075-8789-407d-ad77-9344a3ac7ca9
172;172;None;Tower;None;0;Listen_on_frequency;9,501334;53,559712;a4102075-8789-407d-ad77-9344a3ac7ca9
173;173;None;Tower;None;0;Listen_on_frequency;9,501334;53,559712;a4102075-8789-407d-ad77-9344a3ac7ca9
174;174;None;Tower;None;0;Listen_on_frequency;9,501334;53,559712;a4102075-8789-407d-ad77-9344a3ac7ca9
175;175;None;Tower;None;0;Listen_on_frequency;9,501334;53,559712;a4102075-8789-407d-ad77-9344a3ac7ca9
176;176;None;Tower;None;0;Listen_on_frequency;9,501334;53,559712;a4102075-8789-407d-ad77-9344a3ac7ca9
177;177;None;Tower;None;0;Listen_on_frequency;9,501334;53,559712;a4102075-8789-407d-ad77-9344a3ac7ca9
178;178;None;Tower;None;0;Listen_on_frequency;9,501334;53,559712;a4102075-8789-407d-ad77-9344a3ac7ca9
179;179;None;Tower;None;0;Listen_on_frequency;9,501334;53,559712;a4102075-8789-407d-ad77-9344a3ac7ca9
180;180;None;Tower;None;0;Listen_on_frequency;9,501334;53,559712;a4102075-8789-407d-ad77-9344a3ac7ca9
181;181;None;Tower;None;0;Listen_on_frequency;9,501334;53,559712;a4102075-8789-407d-ad77-9344a3ac7ca9
182;182;None;Tower;None;0;Listen_on_frequency;9,501334;53,559712;a4102075-8789-407d-ad77-9344a3ac7ca9
183;183;None;Tower;None;0;Listen_on_frequency;9,501334;53,559712;a4102075-8789-407d-ad77-9344a3ac7ca9
184;184;None;Tower;None;0;Listen_on_frequency;9,501334;53,559712;a4102075-8789-407d-ad77-9344a3ac7ca9
185;185;None;Tower;None;0;Listen_on_frequency;9,501334;53,559712;a4102075-8789-407d-ad77-9344a3ac7ca9
186;186;None;Tower;None;0;Listen_on_frequency;9,501334;53,559712;a4102075-8789-407d-ad77-9344a3ac7ca9
187;187;None;Tower;None;0;Listen_on_frequency;9,501334;53,559712;a4102075-8789-407d-ad77-9344a3ac7ca9
188;188;None;Tower;None;0;Listen_on_frequency;9,501334;53,559712;a4102075-8789-407d-ad77-9344a3ac7ca9
189;189;None;Tower;None;0;Listen_on_frequency;9,501334;53,559712;a4102075-8789-407d-ad77-9344a3ac7ca9
190;190;None;Tower;None;0;Listen_on_frequency;9,501334;53,559712;a4102075-8789-407d-ad77-9344a3ac7ca9
191;191;None;Tower;None;0;Listen_on_frequency;9,501334;53,559712;a4102075-8789-407d-ad77-9344a3ac7ca9
192;192;None;Tower;None;0;Listen_on_frequency;9,501334;53,559712;a4102075-8789-407d-ad77-9344a3ac7ca9
193;193;None;Tower;None;0;Listen_on_frequency;9,501334;53,559712;a4102075-8789-407d-ad77-9344a3ac7ca9
194;194;None;Tower;None;0;Listen_on_frequency;9,501334;53,559712;a4102075-8789-407d-ad77-9344a3ac7ca9
195;195;None;Tower;None;0;Listen_on_frequency;9,501334;53,559712;a4102075-8789-407d-ad77-9344a3ac7ca9
196;196;None;Tower;None;0;Listen_on_frequency;9,501334;53,559712;a4102075-8789-407d-ad77-9344a3ac7ca9
197;197;None;Tower;None;0;Listen_on_frequency;9,501334;53,559712;a4102075-8789-407d-ad77-9344a3ac7ca9
198;198;None;Tower;None;0;Listen_on_frequency;9,501334;53,559712;a4102075-8789-407d-ad77-9344a3ac7ca9
199;199;None;Tower;None;0;Listen_on_frequency;9,501334;53,559712;a4102075-8789-407d-ad77-9344a3ac7ca9
200;200;None;Tower;None;0;Listen_on_frequency;9,501334;53,559712;a4102075-8789-407d-ad77-9344a3ac7ca9
201;201;None;Tower;None;0;Listen_on_frequency;9,501334;53,559712;a4102075-8789-407d-ad77-9344a3ac7ca9
202;202;None;Tower;None;0;Listen_on_frequency;9,501334;53,559712;a4102075-8789-407d-ad77-9344a3ac7ca9
203;203;None;Tower;None;0;Listen_on_frequency;9,501334;53,559712;a4102075-8789-407d-ad77-9344a3ac7ca9
204;204;None;Tower;None;0;Listen_on_frequency;9,501334;53,559712;a4102075-8789-407d-ad77-9344a3ac7ca9
205;205;None;Tower;None;0;Listen_on_frequency;9,501334;53,559712;a4102075-8789-407d-ad77-9344a3ac7ca9
206;206;None;Tower;None;0;Listen_on_frequency;9,501334;53,559712;a4102075-8789-407d-ad77-9344a3ac7ca9
207;207;None;Tower;None;0;Listen_on_frequency;9,501334;53,559712;a4102075-8789-407d-ad77-9344a3ac7ca9
208;208;None;Tower;None;0;Listen_on_frequency;9,501334;53,559712;a4102075-8789-407d-ad77-9344a3ac7ca9
209;209;None;Tower;None;0;Listen_on_frequency;9,501334;53,559712;a4102075-8789-407d-ad77-9344a3ac7ca9
210;210;None;Tower;None;0;Listen_on_frequency;9,501334;53,559712;a4102075-8789-407d-ad77-9344a3ac7ca9
211;211;None;Tower;None;0;Listen_on_frequency;9,501334;53,559712;a4102075-8789-407d-ad77-9344a3ac7ca9
212;212;None;Tower;None;0;Listen_on_frequency;9,501334;53,559712;a4102075-8789-407d-ad77-9344a3ac7ca9
213;213;None;Tower;None;0;Listen_on_frequency;9,501334;53,559712;a4102075-8789-407d-ad77-9344a3ac7ca9
214;214;None;Tower;None;0;Listen_on_frequency;9,501334;53,559712;a4102075-8789-407d-ad77-9344a3ac7ca9
215;215;None;Tower;None;0;Listen_on_frequency;9,501334;53,559712;a4102075-8789-407d-ad77-9344a3ac7ca9
216;216;None;Tower;None;0;Listen_on_frequency;9,501334;53,559712;a4102075-8789-407d-ad77-9344a3ac7ca9
217;217;None;Tower;None;0;Listen_on_frequency;9,501334;53,559712;a4102075-8789-407d-ad77-9344a3ac7ca9
218;218;None;Tower;None;0;Listen_on_frequency;9,501334;53,559712;a4102075-8789-407d-ad77-9344a3ac7ca9
219;219;None;Tower;None;0;Listen_on_frequency;9,501334;53,559712;a4102075-8789-407d-ad77-9344a3ac7ca9
220;220;None;Tower;None;0;Listen_on_frequency;9,501334;53,559712;a4102075-8789-407d-ad77-9344a3ac7ca9
221;221;None;Tower;None;0;Listen_on_frequency;9,501334;53,559712;a4102075-8789-407d-ad77-9344a3ac7ca9
222;222;None;Tower;None;0;Listen_on_frequency;9,501334;53,559712;a4102075-8789-407d-ad77-9344a3ac7ca9
223;223;None;Tower;None;0;Listen_on_frequency;9,501334;53,559712;a4102075-8789-407d-ad77-9344a3ac7ca9
224;224;None;Tower;None;0;Listen_on_frequency;9,501334;53,559712;a4102075-8789-407d-ad77-9344a3ac7ca9
225;225;None;Tower;None;0;Listen_on_frequency;9,501334;53,559712;a4102075-8789-407d-ad77-9344a3ac7ca9
226;226;None;Tower;None;0;Listen_on_frequency;9,501334;53,559712;a4102075-8789-407d-ad77-9344a3ac7ca9
227;227;None;Tower;None;0;Listen_on_frequency;9,501334;53,559712;a4102075-8789-407d-ad77-9344a3ac7ca9
228;228;None;Tower;None;0;Listen_on_frequency;9,501334;53,559712;a4102075-8789-407d-ad77-9344a3ac7ca9
229;229;None;Tower;None;0;Listen_on_frequency;9,501334;53,559712;a4102075-8789-407d-ad77-9344a3ac7ca9
230;230;None;Tower;None;0;Listen_on_frequency;9,501334;53,559712;a4102075-8789-407d-ad77-9344a3ac7ca9
231;231;None;Tower;None;0;Listen_on_frequency;9,501334;53,559712;a4102075-8789-407d-ad77-9344a3ac7ca9
232;232;None;Tower;None;0;Listen_on_frequency;9,501334;53,559712;a4102075-8789-407d-ad77-9344a3ac7ca9
233;233;None;Tower;None;0;Listen_on_frequency;9,501334;53,559712;a4102075-8789-407d-ad77-9344a3ac7ca9
234;234;None;Tower;None;0;Listen_on_frequency;9,501334;53,559712;a4102075-8789-407d-ad77-9344a3ac7ca9
235;235;None;Tower;None;0;Listen_on_frequency;9,501334;53,559712;a4102075-8789-407d-ad77-9344a3ac7ca9
236;236;None;Tower;None;0;Listen_on_frequency;9,501334;53,559712;a4102075-8789-407d-ad77-9344a3ac7ca9
237;237;None;Tower;None;0;Listen_on_frequency;9,501334;53,559712;a4102075-8789-407d-ad77-9344a3ac7ca9
238;238;None;Tower;None;0;Listen_on_frequency;9,501334;53,559712;a4102075-8789-407d-ad77-9344a3ac7ca9
239;239;None;Tower;None;0;Listen_on_frequency;9,501334;53,559712;a4102075-8789-407d-ad77-9344a3ac7ca9
240;240;None;Tower;None;0;Listen_on_frequency;9,501334;53,559712;a4102075-8789-407d-ad77-9344a3ac7ca9
241;241;None;Tower;None;0;Listen_on_frequency;9,501334;53,559712;a4102075-8789-407d-ad77-9344a3ac7ca9
242;242;Cessna2;Tower;RequestTakeOffPreparationPoint;0;Communicate_on_frequency;9,501334;53,559712;a4102075-8789-407d-ad77-9344a3ac7ca9
243;243;Cessna2;Tower;RequestTakeOffPreparationPoint;0;Communicate_on_frequency;9,501334;53,559712;a4102075-8789-407d-ad77-9344a3ac7ca9
244;244;Cessna2;Tower;RequestTakeOffPreparationPoint;0;Communicate_on_frequency;9,501334;53,559712;a4102075-8789-407d-ad77-9344a3ac7ca9
245;245;None;Tower;None;107;Listen_on_frequency;9,501334;53,559712;a4102075-8789-407d-ad77-9344a3ac7ca9
246;246;None;Tower;None;107;Listen_on_frequency;9,501334;53,559712;a4102075-8789-407d-ad77-9344a3ac7ca9
247;247;None;Tower;None;107;Listen_on_frequency;9,501334;53,559712;a4102075-8789-407d-ad77-9344a3ac7ca9
248;248;None;Tower;None;107;Listen_on_frequency;9,501334;53,559712;a4102075-8789-407d-ad77-9344a3ac7ca9
249;249;None;Tower;None;107;Listen_on_frequency;9,501334;53,559712;a4102075-8789-407d-ad77-9344a3ac7ca9
250;250;None;Tower;None;107;Listen_on_frequency;9,501334;53,559712;a4102075-8789-407d-ad77-9344a3ac7ca9
251;251;None;Tower;None;107;Listen_on_frequency;9,501334;53,559712;a4102075-8789-407d-ad77-9344a3ac7ca9
252;252;None;Tower;None;107;Listen_on_frequency;9,501334;53,559712;a4102075-8789-407d-ad77-9344a3ac7ca9
253;253;None;Tower;None;107;Listen_on_frequency;9,501334;53,559712;a4102075-8789-407d-ad77-9344a3ac7ca9
254;254;None;Tower;None;107;Listen_on_frequency;9,501334;53,559712;a4102075-8789-407d-ad77-9344a3ac7ca9
255;255;None;Tower;None;107;Listen_on_frequency;9,501334;53,559712;a4102075-8789-407d-ad77-9344a3ac7ca9
256;256;None;Tower;None;107;Listen_on_frequency;9,501334;53,559712;a4102075-8789-407d-ad77-9344a3ac7ca9
257;257;None;Tower;None;107;Listen_on_frequency;9,501334;53,559712;a4102075-8789-407d-ad77-9344a3ac7ca9
258;258;None;Tower;None;107;Listen_on_frequency;9,501334;53,559712;a4102075-8789-407d-ad77-9344a3ac7ca9
259;259;None;Tower;None;107;Listen_on_frequency;9,501334;53,559712;a4102075-8789-407d-ad77-9344a3ac7ca9
260;260;None;Tower;None;107;Listen_on_frequency;9,501334;53,559712;a4102075-8789-407d-ad77-9344a3ac7ca9
261;261;None;Tower;None;107;Listen_on_frequency;9,501334;53,559712;a4102075-8789-407d-ad77-9344a3ac7ca9
262;262;Cessna1;Tower;RequestTakeOffPreparationPoint;107;Communicate_on_frequency;9,501334;53,559712;a4102075-8789-407d-ad77-9344a3ac7ca9
263;263;Cessna1;Tower;RequestTakeOffPreparationPoint;107;Communicate_on_frequency;9,501334;53,559712;a4102075-8789-407d-ad77-9344a3ac7ca9
264;264;None;Tower;None;107;Listen_on_frequency;9,501334;53,559712;a4102075-8789-407d-ad77-9344a3ac7ca9
265;265;None;Tower;None;107;Listen_on_frequency;9,501334;53,559712;a4102075-8789-407d-ad77-9344a3ac7ca9
266;266;None;Tower;None;107;Listen_on_frequency;9,501334;53,559712;a4102075-8789-407d-ad77-9344a3ac7ca9
267;267;None;Tower;None;107;Listen_on_frequency;9,501334;53,559712;a4102075-8789-407d-ad77-9344a3ac7ca9
268;268;None;Tower;None;107;Listen_on_frequency;9,501334;53,559712;a4102075-8789-407d-ad77-9344a3ac7ca9
269;269;None;Tower;None;107;Listen_on_frequency;9,501334;53,559712;a4102075-8789-407d-ad77-9344a3ac7ca9
270;270;None;Tower;None;107;Listen_on_frequency;9,501334;53,559712;a4102075-8789-407d-ad77-9344a3ac7ca9
271;271;None;Tower;None;107;Listen_on_frequency;9,501334;53,559712;a4102075-8789-407d-ad77-9344a3ac7ca9
272;272;None;Tower;None;107;Listen_on_frequency;9,501334;53,559712;a4102075-8789-407d-ad77-9344a3ac7ca9
273;273;None;Tower;None;107;Listen_on_frequency;9,501334;53,559712;a4102075-8789-407d-ad77-9344a3ac7ca9
274;274;None;Tower;None;107;Listen_on_frequency;9,501334;53,559712;a4102075-8789-407d-ad77-9344a3ac7ca9
275;275;None;Tower;None;107;Listen_on_frequency;9,501334;53,559712;a4102075-8789-407d-ad77-9344a3ac7ca9
276;276;None;Tower;None;107;Listen_on_frequency;9,501334;53,559712;a4102075-8789-407d-ad77-9344a3ac7ca9
277;277;None;Tower;None;107;Listen_on_frequency;9,501334;53,559712;a4102075-8789-407d-ad77-9344a3ac7ca9
278;278;None;Tower;None;107;Listen_on_frequency;9,501334;53,559712;a4102075-8789-407d-ad77-9344a3ac7ca9
279;279;None;Tower;None;107;Listen_on_frequency;9,501334;53,559712;a4102075-8789-407d-ad77-9344a3ac7ca9
280;280;None;Tower;None;107;Listen_on_frequency;9,501334;53,559712;a4102075-8789-407d-ad77-9344a3ac7ca9
281;281;None;Tower;None;107;Listen_on_frequency;9,501334;53,559712;a4102075-8789-407d-ad77-9344a3ac7ca9
282;282;None;Tower;None;107;Listen_on_frequency;9,501334;53,559712;a4102075-8789-407d-ad77-9344a3ac7ca9
283;283;None;Tower;None;107;Listen_on_frequency;9,501334;53,559712;a4102075-8789-407d-ad77-9344a3ac7ca9
284;284;None;Tower;None;107;Listen_on_frequency;9,501334;53,559712;a4102075-8789-407d-ad77-9344a3ac7ca9
285;285;None;Tower;None;107;Listen_on_frequency;9,501334;53,559712;a4102075-8789-407d-ad77-9344a3ac7ca9
286;286;None;Tower;None;107;Listen_on_frequency;9,501334;53,559712;a4102075-8789-407d-ad77-9344a3ac7ca9
287;287;None;Tower;None;107;Listen_on_frequency;9,501334;53,559712;a4102075-8789-407d-ad77-9344a3ac7ca9
288;288;None;Tower;None;107;Listen_on_frequency;9,501334;53,559712;a4102075-8789-407d-ad77-9344a3ac7ca9
289;289;None;Tower;None;107;Listen_on_frequency;9,501334;53,559712;a4102075-8789-407d-ad77-9344a3ac7ca9
290;290;None;Tower;None;107;Listen_on_frequency;9,501334;53,559712;a4102075-8789-407d-ad77-9344a3ac7ca9
291;291;None;Tower;None;107;Listen_on_frequency;9,501334;53,559712;a4102075-8789-407d-ad77-9344a3ac7ca9
292;292;None;Tower;None;107;Listen_on_frequency;9,501334;53,559712;a4102075-8789-407d-ad77-9344a3ac7ca9
293;293;None;Tower;None;107;Listen_on_frequency;9,501334;53,559712;a4102075-8789-407d-ad77-9344a3ac7ca9
294;294;None;Tower;None;107;Listen_on_frequency;9,501334;53,559712;a4102075-8789-407d-ad77-9344a3ac7ca9
295;295;None;Tower;None;107;Listen_on_frequency;9,501334;53,559712;a4102075-8789-407d-ad77-9344a3ac7ca9
296;296;None;Tower;None;107;Listen_on_frequency;9,501334;53,559712;a4102075-8789-407d-ad77-9344a3ac7ca9
297;297;None;Tower;None;107;Listen_on_frequency;9,501334;53,559712;a4102075-8789-407d-ad77-9344a3ac7ca9
298;298;None;Tower;None;107;Listen_on_frequency;9,501334;53,559712;a4102075-8789-407d-ad77-9344a3ac7ca9
299;299;None;Tower;None;107;Listen_on_frequency;9,501334;53,559712;a4102075-8789-407d-ad77-9344a3ac7ca9
300;300;None;Tower;None;107;Listen_on_frequency;9,501334;53,559712;a4102075-8789-407d-ad77-9344a3ac7ca9
301;301;None;Tower;None;107;Listen_on_frequency;9,501334;53,559712;a4102075-8789-407d-ad77-9344a3ac7ca9
302;302;None;Tower;None;107;Listen_on_frequency;9,501334;53,559712;a4102075-8789-407d-ad77-9344a3ac7ca9
303;303;None;Tower;None;107;Listen_on_frequency;9,501334;53,559712;a4102075-8789-407d-ad77-9344a3ac7ca9
304;304;None;Tower;None;107;Listen_on_frequency;9,501334;53,559712;a4102075-8789-407d-ad77-9344a3ac7ca9
305;305;None;Tower;None;107;Listen_on_frequency;9,501334;53,559712;a4102075-8789-407d-ad77-9344a3ac7ca9
306;306;None;Tower;None;107;Listen_on_frequency;9,501334;53,559712;a4102075-8789-407d-ad77-9344a3ac7ca9
307;307;None;Tower;None;107;Listen_on_frequency;9,501334;53,559712;a4102075-8789-407d-ad77-9344a3ac7ca9
308;308;None;Tower;None;107;Listen_on_frequency;9,501334;53,559712;a4102075-8789-407d-ad77-9344a3ac7ca9
309;309;None;Tower;None;107;Listen_on_frequency;9,501334;53,559712;a4102075-8789-407d-ad77-9344a3ac7ca9
310;310;None;Tower;None;107;Listen_on_frequency;9,501334;53,559712;a4102075-8789-407d-ad77-9344a3ac7ca9
311;311;None;Tower;None;107;Listen_on_frequency;9,501334;53,559712;a4102075-8789-407d-ad77-9344a3ac7ca9
312;312;None;Tower;None;107;Listen_on_frequency;9,501334;53,559712;a4102075-8789-407d-ad77-9344a3ac7ca9
313;313;None;Tower;None;107;Listen_on_frequency;9,501334;53,559712;a4102075-8789-407d-ad77-9344a3ac7ca9
314;314;None;Tower;None;107;Listen_on_frequency;9,501334;53,559712;a4102075-8789-407d-ad77-9344a3ac7ca9
315;315;None;Tower;None;107;Listen_on_frequency;9,501334;53,559712;a4102075-8789-407d-ad77-9344a3ac7ca9
316;316;None;Tower;None;107;Listen_on_frequency;9,501334;53,559712;a4102075-8789-407d-ad77-9344a3ac7ca9
317;317;None;Tower;None;107;Listen_on_frequency;9,501334;53,559712;a4102075-8789-407d-ad77-9344a3ac7ca9
318;318;None;Tower;None;107;Listen_on_frequency;9,501334;53,559712;a4102075-8789-407d-ad77-9344a3ac7ca9
319;319;None;Tower;None;107;Listen_on_frequency;9,501334;53,559712;a4102075-8789-407d-ad77-9344a3ac7ca9
320;320;None;Tower;None;107;Listen_on_frequency;9,501334;53,559712;a4102075-8789-407d-ad77-9344a3ac7ca9
321;321;None;Tower;None;107;Listen_on_frequency;9,501334;53,559712;a4102075-8789-407d-ad77-9344a3ac7ca9
322;322;None;Tower;None;107;Listen_on_frequency;9,501334;53,559712;a4102075-8789-407d-ad77-9344a3ac7ca9
323;323;None;Tower;None;107;Listen_on_frequency;9,501334;53,559712;a4102075-8789-407d-ad77-9344a3ac7ca9
324;324;None;Tower;None;107;Listen_on_frequency;9,501334;53,559712;a4102075-8789-407d-ad77-9344a3ac7ca9
325;325;None;Tower;None;107;Listen_on_frequency;9,501334;53,559712;a4102075-8789-407d-ad77-9344a3ac7ca9
326;326;None;Tower;None;107;Listen_on_frequency;9,501334;53,559712;a4102075-8789-407d-ad77-9344a3ac7ca9
327;327;None;Tower;None;107;Listen_on_frequency;9,501334;53,559712;a4102075-8789-407d-ad77-9344a3ac7ca9
328;328;None;Tower;None;107;Listen_on_frequency;9,501334;53,559712;a4102075-8789-407d-ad77-9344a3ac7ca9
329;329;None;Tower;None;107;Listen_on_frequency;9,501334;53,559712;a4102075-8789-407d-ad77-9344a3ac7ca9
330;330;None;Tower;None;107;Listen_on_frequency;9,501334;53,559712;a4102075-8789-407d-ad77-9344a3ac7ca9
331;331;None;Tower;None;107;Listen_on_frequency;9,501334;53,559712;a4102075-8789-407d-ad77-9344a3ac7ca9
332;332;None;Tower;None;107;Listen_on_frequency;9,501334;53,559712;a4102075-8789-407d-ad77-9344a3ac7ca9
333;333;None;Tower;None;107;Listen_on_frequency;9,501334;53,559712;a4102075-8789-407d-ad77-9344a3ac7ca9
334;334;None;Tower;None;107;Listen_on_frequency;9,501334;53,559712;a4102075-8789-407d-ad77-9344a3ac7ca9
335;335;None;Tower;None;107;Listen_on_frequency;9,501334;53,559712;a4102075-8789-407d-ad77-9344a3ac7ca9
336;336;None;Tower;None;107;Listen_on_frequency;9,501334;53,559712;a4102075-8789-407d-ad77-9344a3ac7ca9
337;337;None;Tower;None;107;Listen_on_frequency;9,501334;53,559712;a4102075-8789-407d-ad77-9344a3ac7ca9
338;338;None;Tower;None;107;Listen_on_frequency;9,501334;53,559712;a4102075-8789-407d-ad77-9344a3ac7ca9
339;339;None;Tower;None;107;Listen_on_frequency;9,501334;53,559712;a4102075-8789-407d-ad77-9344a3ac7ca9
340;340;None;Tower;None;107;Listen_on_frequency;9,501334;53,559712;a4102075-8789-407d-ad77-9344a3ac7ca9
341;341;None;Tower;None;107;Listen_on_frequency;9,501334;53,559712;a4102075-8789-407d-ad77-9344a3ac7ca9
342;342;None;Tower;None;107;Listen_on_frequency;9,501334;53,559712;a4102075-8789-407d-ad77-9344a3ac7ca9
343;343;None;Tower;None;107;Listen_on_frequency;9,501334;53,559712;a4102075-8789-407d-ad77-9344a3ac7ca9
344;344;None;Tower;None;107;Listen_on_frequency;9,501334;53,559712;a4102075-8789-407d-ad77-9344a3ac7ca9
345;345;None;Tower;None;107;Listen_on_frequency;9,501334;53,559712;a4102075-8789-407d-ad77-9344a3ac7ca9
346;346;None;Tower;None;107;Listen_on_frequency;9,501334;53,559712;a4102075-8789-407d-ad77-9344a3ac7ca9
347;347;None;Tower;None;107;Listen_on_frequency;9,501334;53,559712;a4102075-8789-407d-ad77-9344a3ac7ca9
348;348;None;Tower;None;107;Listen_on_frequency;9,501334;53,559712;a4102075-8789-407d-ad77-9344a3ac7ca9
349;349;None;Tower;None;107;Listen_on_frequency;9,501334;53,559712;a4102075-8789-407d-ad77-9344a3ac7ca9
350;350;None;Tower;None;107;Listen_on_frequency;9,501334;53,559712;a4102075-8789-407d-ad77-9344a3ac7ca9
351;351;None;Tower;None;107;Listen_on_frequency;9,501334;53,559712;a4102075-8789-407d-ad77-9344a3ac7ca9
352;352;None;Tower;None;107;Listen_on_frequency;9,501334;53,559712;a4102075-8789-407d-ad77-9344a3ac7ca9
353;353;None;Tower;None;107;Listen_on_frequency;9,501334;53,559712;a4102075-8789-407d-ad77-9344a3ac7ca9
354;354;None;Tower;None;107;Listen_on_frequency;9,501334;53,559712;a4102075-8789-407d-ad77-9344a3ac7ca9
355;355;None;Tower;None;107;Listen_on_frequency;9,501334;53,559712;a4102075-8789-407d-ad77-9344a3ac7ca9
356;356;None;Tower;None;107;Listen_on_frequency;9,501334;53,559712;a4102075-8789-407d-ad77-9344a3ac7ca9
357;357;None;Tower;None;107;Listen_on_frequency;9,501334;53,559712;a4102075-8789-407d-ad77-9344a3ac7ca9
358;358;None;Tower;None;107;Listen_on_frequency;9,501334;53,559712;a4102075-8789-407d-ad77-9344a3ac7ca9
359;359;None;Tower;None;107;Listen_on_frequency;9,501334;53,559712;a4102075-8789-407d-ad77-9344a3ac7ca9
360;360;None;Tower;None;107;Listen_on_frequency;9,501334;53,559712;a4102075-8789-407d-ad77-9344a3ac7ca9
361;361;None;Tower;None;107;Listen_on_frequency;9,501334;53,559712;a4102075-8789-407d-ad77-9344a3ac7ca9
362;362;None;Tower;None;107;Listen_on_frequency;9,501334;53,559712;a4102075-8789-407d-ad77-9344a3ac7ca9
363;363;None;Tower;None;107;Listen_on_frequency;9,501334;53,559712;a4102075-8789-407d-ad77-9344a3ac7ca9
364;364;None;Tower;None;107;Listen_on_frequency;9,501334;53,559712;a4102075-8789-407d-ad77-9344a3ac7ca9
365;365;None;Tower;None;107;Listen_on_frequency;9,501334;53,559712;a4102075-8789-407d-ad77-9344a3ac7ca9
366;366;None;Tower;None;107;Listen_on_frequency;9,501334;53,559712;a4102075-8789-407d-ad77-9344a3ac7ca9
367;367;None;Tower;None;107;Listen_on_frequency;9,501334;53,559712;a4102075-8789-407d-ad77-9344a3ac7ca9
368;368;None;Tower;None;107;Listen_on_frequency;9,501334;53,559712;a4102075-8789-407d-ad77-9344a3ac7ca9
369;369;None;Tower;None;107;Listen_on_frequency;9,501334;53,559712;a4102075-8789-407d-ad77-9344a3ac7ca9
370;370;None;Tower;None;107;Listen_on_frequency;9,501334;53,559712;a4102075-8789-407d-ad77-9344a3ac7ca9
371;371;None;Tower;None;107;Listen_on_frequency;9,501334;53,559712;a4102075-8789-407d-ad77-9344a3ac7ca9
372;372;None;Tower;None;107;Listen_on_frequency;9,501334;53,559712;a4102075-8789-407d-ad77-9344a3ac7ca9
373;373;None;Tower;None;107;Listen_on_frequency;9,501334;53,559712;a4102075-8789-407d-ad77-9344a3ac7ca9
374;374;None;Tower;None;107;Listen_on_frequency;9,501334;53,559712;a4102075-8789-407d-ad77-9344a3ac7ca9
375;375;None;Tower;None;107;Listen_on_frequency;9,501334;53,559712;a4102075-8789-407d-ad77-9344a3ac7ca9
376;376;None;Tower;None;107;Listen_on_frequency;9,501334;53,559712;a4102075-8789-407d-ad77-9344a3ac7ca9
377;377;None;Tower;None;107;Listen_on_frequency;9,501334;53,559712;a4102075-8789-407d-ad77-9344a3ac7ca9
378;378;None;Tower;None;107;Listen_on_frequency;9,501334;53,559712;a4102075-8789-407d-ad77-9344a3ac7ca9
379;379;None;Tower;None;107;Listen_on_frequency;9,501334;53,559712;a4102075-8789-407d-ad77-9344a3ac7ca9
380;380;None;Tower;None;107;Listen_on_frequency;9,501334;53,559712;a4102075-8789-407d-ad77-9344a3ac7ca9
381;381;None;Tower;None;107;Listen_on_frequency;9,501334;53,559712;a4102075-8789-407d-ad77-9344a3ac7ca9
382;382;None;Tower;None;107;Listen_on_frequency;9,501334;53,559712;a4102075-8789-407d-ad77-9344a3ac7ca9
383;383;None;Tower;None;107;Listen_on_frequency;9,501334;53,559712;a4102075-8789-407d-ad77-9344a3ac7ca9
384;384;None;Tower;None;107;Listen_on_frequency;9,501334;53,559712;a4102075-8789-407d-ad77-9344a3ac7ca9
385;385;Cessna2;Tower;RequestTakeOffHoldShortPoint;107;Communicate_on_frequency;9,501334;53,559712;a4102075-8789-407d-ad77-9344a3ac7ca9
386;386;Cessna2;Tower;RequestTakeOffHoldShortPoint;107;Communicate_on_frequency;9,501334;53,559712;a4102075-8789-407d-ad77-9344a3ac7ca9
387;387;Cessna2;Tower;RequestTakeOffHoldShortPoint;107;Communicate_on_frequency;9,501334;53,559712;a4102075-8789-407d-ad77-9344a3ac7ca9
388;388;None;Tower;None;107;Listen_on_frequency;9,501334;53,559712;a4102075-8789-407d-ad77-9344a3ac7ca9
389;389;None;Tower;None;107;Listen_on_frequency;9,501334;53,559712;a4102075-8789-407d-ad77-9344a3ac7ca9
390;390;None;Tower;None;107;Listen_on_frequency;9,501334;53,559712;a4102075-8789-407d-ad77-9344a3ac7ca9
391;391;None;Tower;None;107;Listen_on_frequency;9,501334;53,559712;a4102075-8789-407d-ad77-9344a3ac7ca9
392;392;None;Tower;None;107;Listen_on_frequency;9,501334;53,559712;a4102075-8789-407d-ad77-9344a3ac7ca9
393;393;None;Tower;None;107;Listen_on_frequency;9,501334;53,559712;a4102075-8789-407d-ad77-9344a3ac7ca9
394;394;None;Tower;None;107;Listen_on_frequency;9,501334;53,559712;a4102075-8789-407d-ad77-9344a3ac7ca9
395;395;None;Tower;None;107;Listen_on_frequency;9,501334;53,559712;a4102075-8789-407d-ad77-9344a3ac7ca9
396;396;None;Tower;None;107;Listen_on_frequency;9,501334;53,559712;a4102075-8789-407d-ad77-9344a3ac7ca9
397;397;None;Tower;None;107;Listen_on_frequency;9,501334;53,559712;a4102075-8789-407d-ad77-9344a3ac7ca9
398;398;None;Tower;None;107;Listen_on_frequency;9,501334;53,559712;a4102075-8789-407d-ad77-9344a3ac7ca9
399;399;None;Tower;None;107;Listen_on_frequency;9,501334;53,559712;a4102075-8789-407d-ad77-9344a3ac7ca9
400;400;None;Tower;None;107;Listen_on_frequency;9,501334;53,559712;a4102075-8789-407d-ad77-9344a3ac7ca9
401;401;None;Tower;None;107;Listen_on_frequency;9,501334;53,559712;a4102075-8789-407d-ad77-9344a3ac7ca9
402;402;None;Tower;None;107;Listen_on_frequency;9,501334;53,559712;a4102075-8789-407d-ad77-9344a3ac7ca9
403;403;None;Tower;None;107;Listen_on_frequency;9,501334;53,559712;a4102075-8789-407d-ad77-9344a3ac7ca9
404;404;None;Tower;None;107;Listen_on_frequency;9,501334;53,559712;a4102075-8789-407d-ad77-9344a3ac7ca9
405;405;None;Tower;None;107;Listen_on_frequency;9,501334;53,559712;a4102075-8789-407d-ad77-9344a3ac7ca9
406;406;None;Tower;None;107;Listen_on_frequency;9,501334;53,559712;a4102075-8789-407d-ad77-9344a3ac7ca9
407;407;None;Tower;None;107;Listen_on_frequency;9,501334;53,559712;a4102075-8789-407d-ad77-9344a3ac7ca9
408;408;Cessna1;Tower;RequestTakeOffHoldShortPoint;107;Communicate_on_frequency;9,501334;53,559712;a4102075-8789-407d-ad77-9344a3ac7ca9
409;409;Cessna1;Tower;RequestTakeOffHoldShortPoint;107;Communicate_on_frequency;9,501334;53,559712;a4102075-8789-407d-ad77-9344a3ac7ca9
410;410;None;Tower;None;107;Listen_on_frequency;9,501334;53,559712;a4102075-8789-407d-ad77-9344a3ac7ca9
411;411;None;Tower;None;107;Listen_on_frequency;9,501334;53,559712;a4102075-8789-407d-ad77-9344a3ac7ca9
412;412;None;Tower;None;107;Listen_on_frequency;9,501334;53,559712;a4102075-8789-407d-ad77-9344a3ac7ca9
413;413;None;Tower;None;107;Listen_on_frequency;9,501334;53,559712;a4102075-8789-407d-ad77-9344a3ac7ca9
414;414;None;Tower;None;107;Listen_on_frequency;9,501334;53,559712;a4102075-8789-407d-ad77-9344a3ac7ca9
415;415;None;Tower;None;107;Listen_on_frequency;9,501334;53,559712;a4102075-8789-407d-ad77-9344a3ac7ca9
416;416;None;Tower;None;107;Listen_on_frequency;9,501334;53,559712;a4102075-8789-407d-ad77-9344a3ac7ca9
417;417;None;Tower;None;107;Listen_on_frequency;9,501334;53,559712;a4102075-8789-407d-ad77-9344a3ac7ca9
418;418;None;Tower;None;107;Listen_on_frequency;9,501334;53,559712;a4102075-8789-407d-ad77-9344a3ac7ca9
419;419;Cessna2;Tower;RequestTakeOff;107;Communicate_on_frequency;9,501334;53,559712;a4102075-8789-407d-ad77-9344a3ac7ca9
420;420;Cessna2;Tower;RequestTakeOff;107;Communicate_on_frequency;9,501334;53,559712;a4102075-8789-407d-ad77-9344a3ac7ca9
421;421;None;Tower;None;107;Listen_on_frequency;9,501334;53,559712;a4102075-8789-407d-ad77-9344a3ac7ca9
422;422;None;Tower;None;107;Listen_on_frequency;9,501334;53,559712;a4102075-8789-407d-ad77-9344a3ac7ca9
423;423;None;Tower;None;107;Listen_on_frequency;9,501334;53,559712;a4102075-8789-407d-ad77-9344a3ac7ca9
424;424;None;Tower;None;107;Listen_on_frequency;9,501334;53,559712;a4102075-8789-407d-ad77-9344a3ac7ca9
425;425;None;Tower;None;107;Listen_on_frequency;9,501334;53,559712;a4102075-8789-407d-ad77-9344a3ac7ca9
426;426;None;Tower;None;107;Listen_on_frequency;9,501334;53,559712;a4102075-8789-407d-ad77-9344a3ac7ca9
427;427;None;Tower;None;107;Listen_on_frequency;9,501334;53,559712;a4102075-8789-407d-ad77-9344a3ac7ca9
428;428;None;Tower;None;107;Listen_on_frequency;9,501334;53,559712;a4102075-8789-407d-ad77-9344a3ac7ca9
429;429;None;Tower;None;107;Listen_on_frequency;9,501334;53,559712;a4102075-8789-407d-ad77-9344a3ac7ca9
430;430;None;Tower;None;107;Listen_on_frequency;9,501334;53,559712;a4102075-8789-407d-ad77-9344a3ac7ca9
431;431;None;Tower;None;107;Listen_on_frequency;9,501334;53,559712;a4102075-8789-407d-ad77-9344a3ac7ca9
432;432;None;Tower;None;107;Listen_on_frequency;9,501334;53,559712;a4102075-8789-407d-ad77-9344a3ac7ca9
433;433;None;Tower;None;107;Listen_on_frequency;9,501334;53,559712;a4102075-8789-407d-ad77-9344a3ac7ca9
434;434;None;Tower;None;107;Listen_on_frequency;9,501334;53,559712;a4102075-8789-407d-ad77-9344a3ac7ca9
435;435;None;Tower;None;107;Listen_on_frequency;9,501334;53,559712;a4102075-8789-407d-ad77-9344a3ac7ca9
436;436;None;Tower;None;107;Listen_on_frequency;9,501334;53,559712;a4102075-8789-407d-ad77-9344a3ac7ca9
437;437;None;Tower;None;107;Listen_on_frequency;9,501334;53,559712;a4102075-8789-407d-ad77-9344a3ac7ca9
438;438;None;Tower;None;107;Listen_on_frequency;9,501334;53,559712;a4102075-8789-407d-ad77-9344a3ac7ca9
439;439;None;Tower;None;107;Listen_on_frequency;9,501334;53,559712;a4102075-8789-407d-ad77-9344a3ac7ca9
440;440;None;Tower;None;107;Listen_on_frequency;9,501334;53,559712;a4102075-8789-407d-ad77-9344a3ac7ca9
441;441;None;Tower;None;107;Listen_on_frequency;9,501334;53,559712;a4102075-8789-407d-ad77-9344a3ac7ca9
442;442;Cessna1;Tower;RequestTakeOff;107;Communicate_on_frequency;9,501334;53,559712;a4102075-8789-407d-ad77-9344a3ac7ca9
443;443;Cessna1;Tower;RequestTakeOff;107;Communicate_on_frequency;9,501334;53,559712;a4102075-8789-407d-ad77-9344a3ac7ca9
444;444;None;Tower;None;107;Listen_on_frequency;9,501334;53,559712;a4102075-8789-407d-ad77-9344a3ac7ca9
445;445;None;Tower;None;107;Listen_on_frequency;9,501334;53,559712;a4102075-8789-407d-ad77-9344a3ac7ca9
446;446;None;Tower;None;107;Listen_on_frequency;9,501334;53,559712;a4102075-8789-407d-ad77-9344a3ac7ca9
447;447;None;Tower;None;107;Listen_on_frequency;9,501334;53,559712;a4102075-8789-407d-ad77-9344a3ac7ca9
448;448;None;Tower;None;107;Listen_on_frequency;9,501334;53,559712;a4102075-8789-407d-ad77-9344a3ac7ca9
449;449;None;Tower;None;107;Listen_on_frequency;9,501334;53,559712;a4102075-8789-407d-ad77-9344a3ac7ca9
450;450;None;Tower;None;107;Listen_on_frequency;9,501334;53,559712;a4102075-8789-407d-ad77-9344a3ac7ca9
451;451;None;Tower;None;107;Listen_on_frequency;9,501334;53,559712;a4102075-8789-407d-ad77-9344a3ac7ca9
452;452;None;Tower;None;107;Listen_on_frequency;9,501334;53,559712;a4102075-8789-407d-ad77-9344a3ac7ca9
453;453;None;Tower;None;107;Listen_on_frequency;9,501334;53,559712;a4102075-8789-407d-ad77-9344a3ac7ca9
454;454;None;Tower;None;107;Listen_on_frequency;9,501334;53,559712;a4102075-8789-407d-ad77-9344a3ac7ca9
455;455;None;Tower;None;107;Listen_on_frequency;9,501334;53,559712;a4102075-8789-407d-ad77-9344a3ac7ca9
456;456;None;Tower;None;107;Listen_on_frequency;9,501334;53,559712;a4102075-8789-407d-ad77-9344a3ac7ca9
457;457;None;Tower;None;107;Listen_on_frequency;9,501334;53,559712;a4102075-8789-407d-ad77-9344a3ac7ca9
458;458;None;Tower;None;107;Listen_on_frequency;9,501334;53,559712;a4102075-8789-407d-ad77-9344a3ac7ca9
459;459;None;Tower;None;107;Listen_on_frequency;9,501334;53,559712;a4102075-8789-407d-ad77-9344a3ac7ca9
460;460;None;Tower;None;107;Listen_on_frequency;9,501334;53,559712;a4102075-8789-407d-ad77-9344a3ac7ca9
461;461;None;Tower;None;107;Listen_on_frequency;9,501334;53,559712;a4102075-8789-407d-ad77-9344a3ac7ca9
462;462;None;Tower;None;107;Listen_on_frequency;9,501334;53,559712;a4102075-8789-407d-ad77-9344a3ac7ca9
463;463;None;Tower;None;107;Listen_on_frequency;9,501334;53,559712;a4102075-8789-407d-ad77-9344a3ac7ca9
464;464;None;Tower;None;107;Listen_on_frequency;9,501334;53,559712;a4102075-8789-407d-ad77-9344a3ac7ca9
465;465;None;Tower;None;107;Listen_on_frequency;9,501334;53,559712;a4102075-8789-407d-ad77-9344a3ac7ca9
466;466;None;Tower;None;107;Listen_on_frequency;9,501334;53,559712;a4102075-8789-407d-ad77-9344a3ac7ca9
467;467;None;Tower;None;107;Listen_on_frequency;9,501334;53,559712;a4102075-8789-407d-ad77-9344a3ac7ca9
468;468;None;Tower;None;107;Listen_on_frequency;9,501334;53,559712;a4102075-8789-407d-ad77-9344a3ac7ca9
469;469;None;Tower;None;107;Listen_on_frequency;9,501334;53,559712;a4102075-8789-407d-ad77-9344a3ac7ca9
470;470;None;Tower;None;107;Listen_on_frequency;9,501334;53,559712;a4102075-8789-407d-ad77-9344a3ac7ca9
471;471;None;Tower;None;107;Listen_on_frequency;9,501334;53,559712;a4102075-8789-407d-ad77-9344a3ac7ca9
472;472;None;Tower;None;107;Listen_on_frequency;9,501334;53,559712;a4102075-8789-407d-ad77-9344a3ac7ca9
473;473;None;Tower;None;107;Listen_on_frequency;9,501334;53,559712;a4102075-8789-407d-ad77-9344a3ac7ca9
474;474;None;Tower;None;107;Listen_on_frequency;9,501334;53,559712;a4102075-8789-407d-ad77-9344a3ac7ca9
475;475;None;Tower;None;107;Listen_on_frequency;9,501334;53,559712;a4102075-8789-407d-ad77-9344a3ac7ca9
476;476;None;Tower;None;107;Listen_on_frequency;9,501334;53,559712;a4102075-8789-407d-ad77-9344a3ac7ca9
477;477;None;Tower;None;107;Listen_on_frequency;9,501334;53,559712;a4102075-8789-407d-ad77-9344a3ac7ca9
478;478;None;Tower;None;107;Listen_on_frequency;9,501334;53,559712;a4102075-8789-407d-ad77-9344a3ac7ca9
479;479;None;Tower;None;107;Listen_on_frequency;9,501334;53,559712;a4102075-8789-407d-ad77-9344a3ac7ca9
480;480;None;Tower;None;107;Listen_on_frequency;9,501334;53,559712;a4102075-8789-407d-ad77-9344a3ac7ca9
481;481;None;Tower;None;107;Listen_on_frequency;9,501334;53,559712;a4102075-8789-407d-ad77-9344a3ac7ca9
482;482;None;Tower;None;107;Listen_on_frequency;9,501334;53,559712;a4102075-8789-407d-ad77-9344a3ac7ca9
483;483;None;Tower;None;107;Listen_on_frequency;9,501334;53,559712;a4102075-8789-407d-ad77-9344a3ac7ca9
484;484;None;Tower;None;107;Listen_on_frequency;9,501334;53,559712;a4102075-8789-407d-ad77-9344a3ac7ca9
485;485;None;Tower;None;107;Listen_on_frequency;9,501334;53,559712;a4102075-8789-407d-ad77-9344a3ac7ca9
486;486;None;Tower;None;107;Listen_on_frequency;9,501334;53,559712;a4102075-8789-407d-ad77-9344a3ac7ca9
487;487;None;Tower;None;107;Listen_on_frequency;9,501334;53,559712;a4102075-8789-407d-ad77-9344a3ac7ca9
488;488;None;Tower;None;107;Listen_on_frequency;9,501334;53,559712;a4102075-8789-407d-ad77-9344a3ac7ca9
489;489;None;Tower;None;107;Listen_on_frequency;9,501334;53,559712;a4102075-8789-407d-ad77-9344a3ac7ca9
490;490;None;Tower;None;107;Listen_on_frequency;9,501334;53,559712;a4102075-8789-407d-ad77-9344a3ac7ca9
491;491;None;Tower;None;107;Listen_on_frequency;9,501334;53,559712;a4102075-8789-407d-ad77-9344a3ac7ca9
492;492;None;Tower;None;107;Listen_on_frequency;9,501334;53,559712;a4102075-8789-407d-ad77-9344a3ac7ca9
493;493;None;Tower;None;107;Listen_on_frequency;9,501334;53,559712;a4102075-8789-407d-ad77-9344a3ac7ca9
494;494;None;Tower;None;107;Listen_on_frequency;9,501334;53,559712;a4102075-8789-407d-ad77-9344a3ac7ca9
495;495;None;Tower;None;107;Listen_on_frequency;9,501334;53,559712;a4102075-8789-407d-ad77-9344a3ac7ca9
496;496;None;Tower;None;107;Listen_on_frequency;9,501334;53,559712;a4102075-8789-407d-ad77-9344a3ac7ca9
497;497;None;Tower;None;107;Listen_on_frequency;9,501334;53,559712;a4102075-8789-407d-ad77-9344a3ac7ca9
498;498;None;Tower;None;107;Listen_on_frequency;9,501334;53,559712;a4102075-8789-407d-ad77-9344a3ac7ca9
499;499;None;Tower;None;107;Listen_on_frequency;9,501334;53,559712;a4102075-8789-407d-ad77-9344a3ac7ca9
500;500;None;Tower;None;107;Listen_on_frequency;9,501334;53,559712;a4102075-8789-407d-ad77-9344a3ac7ca9
501;501;None;Tower;None;107;Listen_on_frequency;9,501334;53,559712;a4102075-8789-407d-ad77-9344a3ac7ca9
502;502;None;Tower;None;107;Listen_on_frequency;9,501334;53,559712;a4102075-8789-407d-ad77-9344a3ac7ca9
503;503;None;Tower;None;107;Listen_on_frequency;9,501334;53,559712;a4102075-8789-407d-ad77-9344a3ac7ca9
504;504;None;Tower;None;107;Listen_on_frequency;9,501334;53,559712;a4102075-8789-407d-ad77-9344a3ac7ca9
505;505;None;Tower;None;107;Listen_on_frequency;9,501334;53,559712;a4102075-8789-407d-ad77-9344a3ac7ca9
506;506;None;Tower;None;107;Listen_on_frequency;9,501334;53,559712;a4102075-8789-407d-ad77-9344a3ac7ca9
507;507;None;Tower;None;107;Listen_on_frequency;9,501334;53,559712;a4102075-8789-407d-ad77-9344a3ac7ca9
508;508;None;Tower;None;107;Listen_on_frequency;9,501334;53,559712;a4102075-8789-407d-ad77-9344a3ac7ca9
509;509;None;Tower;None;107;Listen_on_frequency;9,501334;53,559712;a4102075-8789-407d-ad77-9344a3ac7ca9
510;510;None;Tower;None;107;Listen_on_frequency;9,501334;53,559712;a4102075-8789-407d-ad77-9344a3ac7ca9
511;511;None;Tower;None;107;Listen_on_frequency;9,501334;53,559712;a4102075-8789-407d-ad77-9344a3ac7ca9
512;512;None;Tower;None;107;Listen_on_frequency;9,501334;53,559712;a4102075-8789-407d-ad77-9344a3ac7ca9
513;513;None;Tower;None;107;Listen_on_frequency;9,501334;53,559712;a4102075-8789-407d-ad77-9344a3ac7ca9
514;514;None;Tower;None;107;Listen_on_frequency;9,501334;53,559712;a4102075-8789-407d-ad77-9344a3ac7ca9
515;515;None;Tower;None;107;Listen_on_frequency;9,501334;53,559712;a4102075-8789-407d-ad77-9344a3ac7ca9
516;516;None;Tower;None;107;Listen_on_frequency;9,501334;53,559712;a4102075-8789-407d-ad77-9344a3ac7ca9
517;517;None;Tower;None;107;Listen_on_frequency;9,501334;53,559712;a4102075-8789-407d-ad77-9344a3ac7ca9
518;518;None;Tower;None;107;Listen_on_frequency;9,501334;53,559712;a4102075-8789-407d-ad77-9344a3ac7ca9
519;519;None;Tower;None;107;Listen_on_frequency;9,501334;53,559712;a4102075-8789-407d-ad77-9344a3ac7ca9
520;520;None;Tower;None;107;Listen_on_frequency;9,501334;53,559712;a4102075-8789-407d-ad77-9344a3ac7ca9
521;521;None;Tower;None;107;Listen_on_frequency;9,501334;53,559712;a4102075-8789-407d-ad77-9344a3ac7ca9
522;522;None;Tower;None;107;Listen_on_frequency;9,501334;53,559712;a4102075-8789-407d-ad77-9344a3ac7ca9
523;523;None;Tower;None;107;Listen_on_frequency;9,501334;53,559712;a4102075-8789-407d-ad77-9344a3ac7ca9
524;524;None;Tower;None;107;Listen_on_frequency;9,501334;53,559712;a4102075-8789-407d-ad77-9344a3ac7ca9
525;525;None;Tower;None;107;Listen_on_frequency;9,501334;53,559712;a4102075-8789-407d-ad77-9344a3ac7ca9
526;526;None;Tower;None;107;Listen_on_frequency;9,501334;53,559712;a4102075-8789-407d-ad77-9344a3ac7ca9
527;527;None;Tower;None;107;Listen_on_frequency;9,501334;53,559712;a4102075-8789-407d-ad77-9344a3ac7ca9
528;528;None;Tower;None;107;Listen_on_frequency;9,501334;53,559712;a4102075-8789-407d-ad77-9344a3ac7ca9
529;529;None;Tower;None;107;Listen_on_frequency;9,501334;53,559712;a4102075-8789-407d-ad77-9344a3ac7ca9
530;530;None;Tower;None;107;Listen_on_frequency;9,501334;53,559712;a4102075-8789-407d-ad77-9344a3ac7ca9
531;531;None;Tower;None;107;Listen_on_frequency;9,501334;53,559712;a4102075-8789-407d-ad77-9344a3ac7ca9
532;532;None;Tower;None;107;Listen_on_frequency;9,501334;53,559712;a4102075-8789-407d-ad77-9344a3ac7ca9
533;533;None;Tower;None;107;Listen_on_frequency;9,501334;53,559712;a4102075-8789-407d-ad77-9344a3ac7ca9
534;534;None;Tower;None;107;Listen_on_frequency;9,501334;53,559712;a4102075-8789-407d-ad77-9344a3ac7ca9
535;535;None;Tower;None;107;Listen_on_frequency;9,501334;53,559712;a4102075-8789-407d-ad77-9344a3ac7ca9
536;536;None;Tower;None;107;Listen_on_frequency;9,501334;53,559712;a4102075-8789-407d-ad77-9344a3ac7ca9
537;537;None;Tower;None;107;Listen_on_frequency;9,501334;53,559712;a4102075-8789-407d-ad77-9344a3ac7ca9
538;538;None;Tower;None;107;Listen_on_frequency;9,501334;53,559712;a4102075-8789-407d-ad77-9344a3ac7ca9
539;539;None;Tower;None;107;Listen_on_frequency;9,501334;53,559712;a4102075-8789-407d-ad77-9344a3ac7ca9
540;540;None;Tower;None;107;Listen_on_frequency;9,501334;53,559712;a4102075-8789-407d-ad77-9344a3ac7ca9
541;541;None;Tower;None;107;Listen_on_frequency;9,501334;53,559712;a4102075-8789-407d-ad77-9344a3ac7ca9
542;542;None;Tower;None;107;Listen_on_frequency;9,501334;53,559712;a4102075-8789-407d-ad77-9344a3ac7ca9
543;543;None;Tower;None;107;Listen_on_frequency;9,501334;53,559712;a4102075-8789-407d-ad77-9344a3ac7ca9
544;544;None;Tower;None;107;Listen_on_frequency;9,501334;53,559712;a4102075-8789-407d-ad77-9344a3ac7ca9
545;545;None;Tower;None;107;Listen_on_frequency;9,501334;53,559712;a4102075-8789-407d-ad77-9344a3ac7ca9
546;546;None;Tower;None;107;Listen_on_frequency;9,501334;53,559712;a4102075-8789-407d-ad77-9344a3ac7ca9
547;547;None;Tower;None;107;Listen_on_frequency;9,501334;53,559712;a4102075-8789-407d-ad77-9344a3ac7ca9
548;548;None;Tower;None;107;Listen_on_frequency;9,501334;53,559712;a4102075-8789-407d-ad77-9344a3ac7ca9
549;549;None;Tower;None;107;Listen_on_frequency;9,501334;53,559712;a4102075-8789-407d-ad77-9344a3ac7ca9
550;550;None;Tower;None;107;Listen_on_frequency;9,501334;53,559712;a4102075-8789-407d-ad77-9344a3ac7ca9
551;551;None;Tower;None;107;Listen_on_frequency;9,501334;53,559712;a4102075-8789-407d-ad77-9344a3ac7ca9
552;552;None;Tower;None;107;Listen_on_frequency;9,501334;53,559712;a4102075-8789-407d-ad77-9344a3ac7ca9
553;553;None;Tower;None;107;Listen_on_frequency;9,501334;53,559712;a4102075-8789-407d-ad77-9344a3ac7ca9
554;554;None;Tower;None;107;Listen_on_frequency;9,501334;53,559712;a4102075-8789-407d-ad77-9344a3ac7ca9
555;555;None;Tower;None;107;Listen_on_frequency;9,501334;53,559712;a4102075-8789-407d-ad77-9344a3ac7ca9
556;556;None;Tower;None;107;Listen_on_frequency;9,501334;53,559712;a4102075-8789-407d-ad77-9344a3ac7ca9
557;557;None;Tower;None;107;Listen_on_frequency;9,501334;53,559712;a4102075-8789-407d-ad77-9344a3ac7ca9
558;558;None;Tower;None;107;Listen_on_frequency;9,501334;53,559712;a4102075-8789-407d-ad77-9344a3ac7ca9
559;559;None;Tower;None;107;Listen_on_frequency;9,501334;53,559712;a4102075-8789-407d-ad77-9344a3ac7ca9
560;560;None;Tower;None;107;Listen_on_frequency;9,501334;53,559712;a4102075-8789-407d-ad77-9344a3ac7ca9
561;561;None;Tower;None;107;Listen_on_frequency;9,501334;53,559712;a4102075-8789-407d-ad77-9344a3ac7ca9
562;562;None;Tower;None;107;Listen_on_frequency;9,501334;53,559712;a4102075-8789-407d-ad77-9344a3ac7ca9
563;563;None;Tower;None;107;Listen_on_frequency;9,501334;53,559712;a4102075-8789-407d-ad77-9344a3ac7ca9
564;564;None;Tower;None;107;Listen_on_frequency;9,501334;53,559712;a4102075-8789-407d-ad77-9344a3ac7ca9
565;565;None;Tower;None;107;Listen_on_frequency;9,501334;53,559712;a4102075-8789-407d-ad77-9344a3ac7ca9
566;566;None;Tower;None;107;Listen_on_frequency;9,501334;53,559712;a4102075-8789-407d-ad77-9344a3ac7ca9
567;567;None;Tower;None;107;Listen_on_frequency;9,501334;53,559712;a4102075-8789-407d-ad77-9344a3ac7ca9
568;568;None;Tower;None;107;Listen_on_frequency;9,501334;53,559712;a4102075-8789-407d-ad77-9344a3ac7ca9
569;569;None;Tower;None;107;Listen_on_frequency;9,501334;53,559712;a4102075-8789-407d-ad77-9344a3ac7ca9
570;570;None;Tower;None;107;Listen_on_frequency;9,501334;53,559712;a4102075-8789-407d-ad77-9344a3ac7ca9
571;571;None;Tower;None;107;Listen_on_frequency;9,501334;53,559712;a4102075-8789-407d-ad77-9344a3ac7ca9
572;572;None;Tower;None;107;Listen_on_frequency;9,501334;53,559712;a4102075-8789-407d-ad77-9344a3ac7ca9
573;573;None;Tower;None;107;Listen_on_frequency;9,501334;53,559712;a4102075-8789-407d-ad77-9344a3ac7ca9
574;574;None;Tower;None;107;Listen_on_frequency;9,501334;53,559712;a4102075-8789-407d-ad77-9344a3ac7ca9
575;575;None;Tower;None;107;Listen_on_frequency;9,501334;53,559712;a4102075-8789-407d-ad77-9344a3ac7ca9
576;576;None;Tower;None;107;Listen_on_frequency;9,501334;53,559712;a4102075-8789-407d-ad77-9344a3ac7ca9
577;577;None;Tower;None;107;Listen_on_frequency;9,501334;53,559712;a4102075-8789-407d-ad77-9344a3ac7ca9
578;578;None;Tower;None;107;Listen_on_frequency;9,501334;53,559712;a4102075-8789-407d-ad77-9344a3ac7ca9
579;579;None;Tower;None;107;Listen_on_frequency;9,501334;53,559712;a4102075-8789-407d-ad77-9344a3ac7ca9
580;580;None;Tower;None;107;Listen_on_frequency;9,501334;53,559712;a4102075-8789-407d-ad77-9344a3ac7ca9
581;581;None;Tower;None;107;Listen_on_frequency;9,501334;53,559712;a4102075-8789-407d-ad77-9344a3ac7ca9
582;582;None;Tower;None;107;Listen_on_frequency;9,501334;53,559712;a4102075-8789-407d-ad77-9344a3ac7ca9
583;583;None;Tower;None;107;Listen_on_frequency;9,501334;53,559712;a4102075-8789-407d-ad77-9344a3ac7ca9
584;584;None;Tower;None;107;Listen_on_frequency;9,501334;53,559712;a4102075-8789-407d-ad77-9344a3ac7ca9
585;585;None;Tower;None;107;Listen_on_frequency;9,501334;53,559712;a4102075-8789-407d-ad77-9344a3ac7ca9
586;586;None;Tower;None;107;Listen_on_frequency;9,501334;53,559712;a4102075-8789-407d-ad77-9344a3ac7ca9
587;587;None;Tower;None;107;Listen_on_frequency;9,501334;53,559712;a4102075-8789-407d-ad77-9344a3ac7ca9
588;588;None;Tower;None;107;Listen_on_frequency;9,501334;53,559712;a4102075-8789-407d-ad77-9344a3ac7ca9
589;589;None;Tower;None;107;Listen_on_frequency;9,501334;53,559712;a4102075-8789-407d-ad77-9344a3ac7ca9
590;590;None;Tower;None;107;Listen_on_frequency;9,501334;53,559712;a4102075-8789-407d-ad77-9344a3ac7ca9
591;591;None;Tower;None;107;Listen_on_frequency;9,501334;53,559712;a4102075-8789-407d-ad77-9344a3ac7ca9
592;592;None;Tower;None;107;Listen_on_frequency;9,501334;53,559712;a4102075-8789-407d-ad77-9344a3ac7ca9
593;593;None;Tower;None;107;Listen_on_frequency;9,501334;53,559712;a4102075-8789-407d-ad77-9344a3ac7ca9
594;594;None;Tower;None;107;Listen_on_frequency;9,501334;53,559712;a4102075-8789-407d-ad77-9344a3ac7ca9
595;595;None;Tower;None;107;Listen_on_frequency;9,501334;53,559712;a4102075-8789-407d-ad77-9344a3ac7ca9
596;596;None;Tower;None;107;Listen_on_frequency;9,501334;53,559712;a4102075-8789-407d-ad77-9344a3ac7ca9
597;597;None;Tower;None;107;Listen_on_frequency;9,501334;53,559712;a4102075-8789-407d-ad77-9344a3ac7ca9
598;598;None;Tower;None;107;Listen_on_frequency;9,501334;53,559712;a4102075-8789-407d-ad77-9344a3ac7ca9
599;599;None;Tower;None;107;Listen_on_frequency;9,501334;53,559712;a4102075-8789-407d-ad77-9344a3ac7ca9
600;600;None;Tower;None;107;Listen_on_frequency;9,501334;53,559712;a4102075-8789-407d-ad77-9344a3ac7ca9
